category,sales,year,month,date
auto,16971.08,2017,3,2017-03-01 00:00:00
auto,24000.619999999988,2017,8,2017-08-01 00:00:00
auto,25053.219999999983,2017,10,2017-10-01 00:00:00
auto,41256.229999999996,2018,1,2018-01-01 00:00:00
auto,52723.47000000001,2018,3,2018-03-01 00:00:00
auto,52745.06999999999,2018,8,2018-08-01 00:00:00
auto,16261.740000000003,2017,7,2017-07-01 00:00:00
auto,47897.02000000004,2018,5,2018-05-01 00:00:00
auto,2257.56,2016,10,2016-10-01 00:00:00
auto,44979.32999999998,2017,12,2017-12-01 00:00:00
auto,16940.350000000002,2017,9,2017-09-01 00:00:00
auto,17785.290000000008,2017,4,2017-04-01 00:00:00
auto,50868.560000000005,2018,7,2018-07-01 00:00:00
auto,51816.65,2018,6,2018-06-01 00:00:00
auto,14973.890000000005,2017,2,2017-02-01 00:00:00
auto,40310.06999999997,2017,11,2017-11-01 00:00:00
auto,21461.409999999996,2017,5,2017-05-01 00:00:00
auto,47824.179999999986,2018,2,2018-02-01 00:00:00
auto,33871.18999999999,2017,6,2017-06-01 00:00:00
auto,5706.409999999999,2017,1,2017-01-01 00:00:00
auto,56873.020000000026,2018,4,2018-04-01 00:00:00
auto,59637.40572717041,2018,9,2018-09-01 00:00:00
auto,61778.811774007976,2018,10,2018-10-01 00:00:00
auto,63920.217820845544,2018,11,2018-11-01 00:00:00
auto,66061.62386768311,2018,12,2018-12-01 00:00:00
auto,73264.56929717213,2019,1,2019-01-01 00:00:00
auto,75405.97534401715,2019,2,2019-02-01 00:00:00
auto,77547.38139085472,2019,3,2019-03-01 00:00:00
auto,79688.78743769228,2019,4,2019-04-01 00:00:00
auto,81830.19348452985,2019,5,2019-05-01 00:00:00
auto,83971.59953137487,2019,6,2019-06-01 00:00:00
auto,86113.00557821244,2019,7,2019-07-01 00:00:00
auto,88254.41162505001,2019,8,2019-08-01 00:00:00
auto,90395.81767189503,2019,9,2019-09-01 00:00:00
auto,92537.2237187326,2019,10,2019-10-01 00:00:00
auto,94678.62976557016,2019,11,2019-11-01 00:00:00
auto,96820.03581240773,2019,12,2019-12-01 00:00:00
auto,104022.9812418893,2020,1,2020-01-01 00:00:00
auto,106164.38728873432,2020,2,2020-02-01 00:00:00
auto,108305.79333557189,2020,3,2020-03-01 00:00:00
auto,110447.19938240945,2020,4,2020-04-01 00:00:00
auto,112588.60542924702,2020,5,2020-05-01 00:00:00
auto,114730.01147609204,2020,6,2020-06-01 00:00:00
auto,116871.41752292961,2020,7,2020-07-01 00:00:00
auto,119012.82356976718,2020,8,2020-08-01 00:00:00
auto,121154.2296166122,2020,9,2020-09-01 00:00:00
auto,123295.63566344976,2020,10,2020-10-01 00:00:00
auto,125437.04171028733,2020,11,2020-11-01 00:00:00
auto,127578.4477571249,2020,12,2020-12-01 00:00:00
auto,134781.39318660647,2021,1,2021-01-01 00:00:00
auto,136922.7992334515,2021,2,2021-02-01 00:00:00
auto,139064.20528028905,2021,3,2021-03-01 00:00:00
auto,141205.61132712662,2021,4,2021-04-01 00:00:00
auto,143347.0173739642,2021,5,2021-05-01 00:00:00
auto,145488.4234208092,2021,6,2021-06-01 00:00:00
auto,147629.82946764678,2021,7,2021-07-01 00:00:00
auto,149771.23551448435,2021,8,2021-08-01 00:00:00
auto,151912.64156132936,2021,9,2021-09-01 00:00:00
auto,154054.04760816693,2021,10,2021-10-01 00:00:00
auto,156195.4536550045,2021,11,2021-11-01 00:00:00
auto,158336.85970184207,2021,12,2021-12-01 00:00:00
baby,4437.38,2017,3,2017-03-01 00:00:00
baby,23463.35,2017,8,2017-08-01 00:00:00
baby,20150.03000000001,2017,10,2017-10-01 00:00:00
baby,35261.73,2018,1,2018-01-01 00:00:00
baby,46822.37000000002,2018,3,2018-03-01 00:00:00
baby,26470.37000000001,2018,8,2018-08-01 00:00:00
baby,18437.51,2017,7,2017-07-01 00:00:00
baby,38673.800000000054,2018,5,2018-05-01 00:00:00
baby,1797.2699999999998,2016,10,2016-10-01 00:00:00
baby,23086.670000000006,2017,12,2017-12-01 00:00:00
baby,28167.81999999999,2017,9,2017-09-01 00:00:00
baby,4797.360000000001,2017,4,2017-04-01 00:00:00
baby,27043.96999999999,2018,7,2018-07-01 00:00:00
baby,36907.439999999995,2018,6,2018-06-01 00:00:00
baby,3805.0100000000007,2017,2,2017-02-01 00:00:00
baby,25160.079999999998,2017,11,2017-11-01 00:00:00
baby,10682.86,2017,5,2017-05-01 00:00:00
baby,30660.119999999984,2018,2,2018-02-01 00:00:00
baby,9288.86,2017,6,2017-06-01 00:00:00
baby,7067.04,2017,1,2017-01-01 00:00:00
baby,57384.85999999998,2018,4,2018-04-01 00:00:00
baby,43219.726842053235,2018,9,2018-09-01 00:00:00
baby,44651.28007538617,2018,10,2018-10-01 00:00:00
baby,46082.8333087191,2018,11,2018-11-01 00:00:00
baby,47514.38654205203,2018,12,2018-12-01 00:00:00
baby,55695.68694085628,2019,1,2019-01-01 00:00:00
baby,57127.24017418921,2019,2,2019-02-01 00:00:00
baby,58558.79340752214,2019,3,2019-03-01 00:00:00
baby,59990.346640855074,2019,4,2019-04-01 00:00:00
baby,61421.899874188006,2019,5,2019-05-01 00:00:00
baby,62853.45310752094,2019,6,2019-06-01 00:00:00
baby,64285.00634085387,2019,7,2019-07-01 00:00:00
baby,65716.5595741868,2019,8,2019-08-01 00:00:00
baby,67148.11280751973,2019,9,2019-09-01 00:00:00
baby,68579.66604085267,2019,10,2019-10-01 00:00:00
baby,70011.2192741856,2019,11,2019-11-01 00:00:00
baby,71442.77250751853,2019,12,2019-12-01 00:00:00
baby,79624.07290633023,2020,1,2020-01-01 00:00:00
baby,81055.62613966316,2020,2,2020-02-01 00:00:00
baby,82487.17937299609,2020,3,2020-03-01 00:00:00
baby,83918.73260632902,2020,4,2020-04-01 00:00:00
baby,85350.28583966196,2020,5,2020-05-01 00:00:00
baby,86781.83907299489,2020,6,2020-06-01 00:00:00
baby,88213.39230632782,2020,7,2020-07-01 00:00:00
baby,89644.94553966075,2020,8,2020-08-01 00:00:00
baby,91076.49877299368,2020,9,2020-09-01 00:00:00
baby,92508.05200632662,2020,10,2020-10-01 00:00:00
baby,93939.60523965955,2020,11,2020-11-01 00:00:00
baby,95371.15847299248,2020,12,2020-12-01 00:00:00
baby,103552.45887179673,2021,1,2021-01-01 00:00:00
baby,104984.01210512966,2021,2,2021-02-01 00:00:00
baby,106415.56533846259,2021,3,2021-03-01 00:00:00
baby,107847.11857179552,2021,4,2021-04-01 00:00:00
baby,109278.67180512846,2021,5,2021-05-01 00:00:00
baby,110710.22503846139,2021,6,2021-06-01 00:00:00
baby,112141.77827179432,2021,7,2021-07-01 00:00:00
baby,113573.33150512725,2021,8,2021-08-01 00:00:00
baby,115004.88473846018,2021,9,2021-09-01 00:00:00
baby,116436.43797179312,2021,10,2021-10-01 00:00:00
baby,117867.99120512605,2021,11,2021-11-01 00:00:00
baby,119299.54443845898,2021,12,2021-12-01 00:00:00
bed_bath_table,30943.63,2017,3,2017-03-01 00:00:00
bed_bath_table,66267.57999999987,2017,8,2017-08-01 00:00:00
bed_bath_table,55063.320000000036,2017,10,2017-10-01 00:00:00
bed_bath_table,89876.22000000002,2018,1,2018-01-01 00:00:00
bed_bath_table,84366.01999999999,2018,3,2018-03-01 00:00:00
bed_bath_table,75382.15,2018,8,2018-08-01 00:00:00
bed_bath_table,74095.2099999999,2017,7,2017-07-01 00:00:00
bed_bath_table,85041.7300000001,2018,5,2018-05-01 00:00:00
bed_bath_table,304.47,2016,10,2016-10-01 00:00:00
bed_bath_table,59727.72,2017,12,2017-12-01 00:00:00
bed_bath_table,62369.90000000001,2017,9,2017-09-01 00:00:00
bed_bath_table,28982.29000000001,2017,4,2017-04-01 00:00:00
bed_bath_table,70457.34000000005,2018,7,2018-07-01 00:00:00
bed_bath_table,89326.47999999998,2018,6,2018-06-01 00:00:00
bed_bath_table,19488.600000000002,2017,2,2017-02-01 00:00:00
bed_bath_table,106929.34000000019,2017,11,2017-11-01 00:00:00
bed_bath_table,39875.07,2017,5,2017-05-01 00:00:00
bed_bath_table,71784.42000000001,2018,2,2018-02-01 00:00:00
bed_bath_table,41729.21999999999,2017,6,2017-06-01 00:00:00
bed_bath_table,4999.04,2017,1,2017-01-01 00:00:00
bed_bath_table,86804.27999999997,2018,4,2018-04-01 00:00:00
bed_bath_table,104224.88446779549,2018,9,2018-09-01 00:00:00
bed_bath_table,108801.39277072251,2018,10,2018-10-01 00:00:00
bed_bath_table,113377.90107364953,2018,11,2018-11-01 00:00:00
bed_bath_table,117954.40937657654,2018,12,2018-12-01 00:00:00
bed_bath_table,113858.2111967504,2019,1,2019-01-01 00:00:00
bed_bath_table,118434.71949967742,2019,2,2019-02-01 00:00:00
bed_bath_table,123011.22780260444,2019,3,2019-03-01 00:00:00
bed_bath_table,127587.73610553145,2019,4,2019-04-01 00:00:00
bed_bath_table,132164.24440845847,2019,5,2019-05-01 00:00:00
bed_bath_table,136740.7527113855,2019,6,2019-06-01 00:00:00
bed_bath_table,141317.2610143125,2019,7,2019-07-01 00:00:00
bed_bath_table,145893.76931723952,2019,8,2019-08-01 00:00:00
bed_bath_table,150470.27762016654,2019,9,2019-09-01 00:00:00
bed_bath_table,155046.78592309356,2019,10,2019-10-01 00:00:00
bed_bath_table,159623.29422602057,2019,11,2019-11-01 00:00:00
bed_bath_table,164199.8025289476,2019,12,2019-12-01 00:00:00
bed_bath_table,160103.60434913635,2020,1,2020-01-01 00:00:00
bed_bath_table,164680.11265206337,2020,2,2020-02-01 00:00:00
bed_bath_table,169256.6209549904,2020,3,2020-03-01 00:00:00
bed_bath_table,173833.1292579174,2020,4,2020-04-01 00:00:00
bed_bath_table,178409.63756084442,2020,5,2020-05-01 00:00:00
bed_bath_table,182986.14586377144,2020,6,2020-06-01 00:00:00
bed_bath_table,187562.65416669846,2020,7,2020-07-01 00:00:00
bed_bath_table,192139.16246962547,2020,8,2020-08-01 00:00:00
bed_bath_table,196715.6707725525,2020,9,2020-09-01 00:00:00
bed_bath_table,201292.1790754795,2020,10,2020-10-01 00:00:00
bed_bath_table,205868.68737840652,2020,11,2020-11-01 00:00:00
bed_bath_table,210445.19568133354,2020,12,2020-12-01 00:00:00
bed_bath_table,206348.9975015223,2021,1,2021-01-01 00:00:00
bed_bath_table,210925.50580444932,2021,2,2021-02-01 00:00:00
bed_bath_table,215502.01410737634,2021,3,2021-03-01 00:00:00
bed_bath_table,220078.52241030335,2021,4,2021-04-01 00:00:00
bed_bath_table,224655.03071323037,2021,5,2021-05-01 00:00:00
bed_bath_table,229231.5390161574,2021,6,2021-06-01 00:00:00
bed_bath_table,233808.0473190844,2021,7,2021-07-01 00:00:00
bed_bath_table,238384.55562201142,2021,8,2021-08-01 00:00:00
bed_bath_table,242961.06392493844,2021,9,2021-09-01 00:00:00
bed_bath_table,247537.57222786546,2021,10,2021-10-01 00:00:00
bed_bath_table,252114.08053079247,2021,11,2021-11-01 00:00:00
bed_bath_table,256690.5888337195,2021,12,2021-12-01 00:00:00
computers_accessories,31873.84,2017,3,2017-03-01 00:00:00
computers_accessories,40598.23999999998,2017,8,2017-08-01 00:00:00
computers_accessories,50781.22999999997,2017,10,2017-10-01 00:00:00
computers_accessories,96721.44999999987,2018,1,2018-01-01 00:00:00
computers_accessories,100760.58000000006,2018,3,2018-03-01 00:00:00
computers_accessories,48313.28999999994,2018,8,2018-08-01 00:00:00
computers_accessories,43833.52999999993,2017,7,2017-07-01 00:00:00
computers_accessories,57624.719999999994,2018,5,2018-05-01 00:00:00
computers_accessories,1740.1000000000004,2016,10,2016-10-01 00:00:00
computers_accessories,43364.60999999999,2017,12,2017-12-01 00:00:00
computers_accessories,33516.05,2017,9,2017-09-01 00:00:00
computers_accessories,23265.01000000001,2017,4,2017-04-01 00:00:00
computers_accessories,50569.95000000004,2018,7,2018-07-01 00:00:00
computers_accessories,51252.96000000004,2018,6,2018-06-01 00:00:00
computers_accessories,13746.390000000001,2017,2,2017-02-01 00:00:00
computers_accessories,83951.90999999999,2017,11,2017-11-01 00:00:00
computers_accessories,51121.449999999946,2017,5,2017-05-01 00:00:00
computers_accessories,118193.01000000013,2018,2,2018-02-01 00:00:00
computers_accessories,42608.04999999999,2017,6,2017-06-01 00:00:00
computers_accessories,4377.6,2017,1,2017-01-01 00:00:00
computers_accessories,69641.85999999999,2018,4,2018-04-01 00:00:00
computers_accessories,78883.26561611891,2018,9,2018-09-01 00:00:00
computers_accessories,79885.14438462257,2018,10,2018-10-01 00:00:00
computers_accessories,80887.02315312624,2018,11,2018-11-01 00:00:00
computers_accessories,81888.901921615,2018,12,2018-12-01 00:00:00
computers_accessories,108980.42318147421,2019,1,2019-01-01 00:00:00
computers_accessories,109982.30194996297,2019,2,2019-02-01 00:00:00
computers_accessories,110984.18071846664,2019,3,2019-03-01 00:00:00
computers_accessories,111986.0594869554,2019,4,2019-04-01 00:00:00
computers_accessories,112987.93825545907,2019,5,2019-05-01 00:00:00
computers_accessories,113989.81702396274,2019,6,2019-06-01 00:00:00
computers_accessories,114991.6957924515,2019,7,2019-07-01 00:00:00
computers_accessories,115993.57456095517,2019,8,2019-08-01 00:00:00
computers_accessories,116995.45332944393,2019,9,2019-09-01 00:00:00
computers_accessories,117997.3320979476,2019,10,2019-10-01 00:00:00
computers_accessories,118999.21086645126,2019,11,2019-11-01 00:00:00
computers_accessories,120001.08963494003,2019,12,2019-12-01 00:00:00
computers_accessories,147092.61089478433,2020,1,2020-01-01 00:00:00
computers_accessories,148094.4896632731,2020,2,2020-02-01 00:00:00
computers_accessories,149096.36843177676,2020,3,2020-03-01 00:00:00
computers_accessories,150098.24720026553,2020,4,2020-04-01 00:00:00
computers_accessories,151100.1259687692,2020,5,2020-05-01 00:00:00
computers_accessories,152102.00473727286,2020,6,2020-06-01 00:00:00
computers_accessories,153103.88350576162,2020,7,2020-07-01 00:00:00
computers_accessories,154105.7622742653,2020,8,2020-08-01 00:00:00
computers_accessories,155107.64104275405,2020,9,2020-09-01 00:00:00
computers_accessories,156109.51981125772,2020,10,2020-10-01 00:00:00
computers_accessories,157111.3985797614,2020,11,2020-11-01 00:00:00
computers_accessories,158113.27734825015,2020,12,2020-12-01 00:00:00
computers_accessories,185204.79860810935,2021,1,2021-01-01 00:00:00
computers_accessories,186206.67737659812,2021,2,2021-02-01 00:00:00
computers_accessories,187208.5561451018,2021,3,2021-03-01 00:00:00
computers_accessories,188210.43491359055,2021,4,2021-04-01 00:00:00
computers_accessories,189212.31368209422,2021,5,2021-05-01 00:00:00
computers_accessories,190214.19245059788,2021,6,2021-06-01 00:00:00
computers_accessories,191216.07121908665,2021,7,2021-07-01 00:00:00
computers_accessories,192217.9499875903,2021,8,2021-08-01 00:00:00
computers_accessories,193219.82875607908,2021,9,2021-09-01 00:00:00
computers_accessories,194221.70752458274,2021,10,2021-10-01 00:00:00
computers_accessories,195223.5862930864,2021,11,2021-11-01 00:00:00
computers_accessories,196225.46506157517,2021,12,2021-12-01 00:00:00
furniture_decor,28784.380000000012,2017,3,2017-03-01 00:00:00
furniture_decor,43627.51999999999,2017,8,2017-08-01 00:00:00
furniture_decor,37865.23000000001,2017,10,2017-10-01 00:00:00
furniture_decor,66775.15999999997,2018,1,2018-01-01 00:00:00
furniture_decor,66693.36000000003,2018,3,2018-03-01 00:00:00
furniture_decor,51224.10000000002,2018,8,2018-08-01 00:00:00
furniture_decor,30690.330000000016,2017,7,2017-07-01 00:00:00
furniture_decor,129.14,2016,9,2016-09-01 00:00:00
furniture_decor,64083.810000000034,2018,5,2018-05-01 00:00:00
furniture_decor,7473.299999999999,2016,10,2016-10-01 00:00:00
furniture_decor,40279.72,2017,12,2017-12-01 00:00:00
furniture_decor,37927.41999999998,2017,9,2017-09-01 00:00:00
furniture_decor,25768.789999999997,2017,4,2017-04-01 00:00:00
furniture_decor,57597.470000000016,2018,7,2018-07-01 00:00:00
furniture_decor,51669.170000000006,2018,6,2018-06-01 00:00:00
furniture_decor,25380.89,2017,2,2017-02-01 00:00:00
furniture_decor,77547.66,2017,11,2017-11-01 00:00:00
furniture_decor,30012.210000000014,2017,5,2017-05-01 00:00:00
furniture_decor,46962.289999999964,2018,2,2018-02-01 00:00:00
furniture_decor,22154.170000000002,2017,6,2017-06-01 00:00:00
furniture_decor,16393.780000000002,2017,1,2017-01-01 00:00:00
furniture_decor,68744.95000000004,2018,4,2018-04-01 00:00:00
furniture_decor,69913.43351248652,2018,9,2018-09-01 00:00:00
furniture_decor,72043.2063357085,2018,10,2018-10-01 00:00:00
furniture_decor,74172.97915893048,2018,11,2018-11-01 00:00:00
furniture_decor,76302.75198215246,2018,12,2018-12-01 00:00:00
furniture_decor,84242.46678702533,2019,1,2019-01-01 00:00:00
furniture_decor,86372.23961024731,2019,2,2019-02-01 00:00:00
furniture_decor,88502.0124334693,2019,3,2019-03-01 00:00:00
furniture_decor,90631.78525669128,2019,4,2019-04-01 00:00:00
furniture_decor,92761.55807991326,2019,5,2019-05-01 00:00:00
furniture_decor,94891.33090313524,2019,6,2019-06-01 00:00:00
furniture_decor,97021.10372635722,2019,7,2019-07-01 00:00:00
furniture_decor,99150.8765495792,2019,8,2019-08-01 00:00:00
furniture_decor,101280.64937280118,2019,9,2019-09-01 00:00:00
furniture_decor,103410.42219602317,2019,10,2019-10-01 00:00:00
furniture_decor,105540.19501924515,2019,11,2019-11-01 00:00:00
furniture_decor,107669.96784246713,2019,12,2019-12-01 00:00:00
furniture_decor,115609.68264734745,2020,1,2020-01-01 00:00:00
furniture_decor,117739.45547056943,2020,2,2020-02-01 00:00:00
furniture_decor,119869.22829379141,2020,3,2020-03-01 00:00:00
furniture_decor,121999.0011170134,2020,4,2020-04-01 00:00:00
furniture_decor,124128.77394023538,2020,5,2020-05-01 00:00:00
furniture_decor,126258.54676345736,2020,6,2020-06-01 00:00:00
furniture_decor,128388.31958667934,2020,7,2020-07-01 00:00:00
furniture_decor,130518.09240990132,2020,8,2020-08-01 00:00:00
furniture_decor,132647.8652331233,2020,9,2020-09-01 00:00:00
furniture_decor,134777.63805634528,2020,10,2020-10-01 00:00:00
furniture_decor,136907.41087956727,2020,11,2020-11-01 00:00:00
furniture_decor,139037.18370278925,2020,12,2020-12-01 00:00:00
furniture_decor,146976.89850766212,2021,1,2021-01-01 00:00:00
furniture_decor,149106.6713308841,2021,2,2021-02-01 00:00:00
furniture_decor,151236.44415410608,2021,3,2021-03-01 00:00:00
furniture_decor,153366.21697732806,2021,4,2021-04-01 00:00:00
furniture_decor,155495.98980055004,2021,5,2021-05-01 00:00:00
furniture_decor,157625.76262377203,2021,6,2021-06-01 00:00:00
furniture_decor,159755.535446994,2021,7,2021-07-01 00:00:00
furniture_decor,161885.308270216,2021,8,2021-08-01 00:00:00
furniture_decor,164015.08109343797,2021,9,2021-09-01 00:00:00
furniture_decor,166144.85391665995,2021,10,2021-10-01 00:00:00
furniture_decor,168274.62673988193,2021,11,2021-11-01 00:00:00
furniture_decor,170404.3995631039,2021,12,2021-12-01 00:00:00
health_beauty,30267.88000000002,2017,3,2017-03-01 00:00:00
health_beauty,55367.37999999997,2017,8,2017-08-01 00:00:00
health_beauty,48800.68999999997,2017,10,2017-10-01 00:00:00
health_beauty,83411.92999999993,2018,1,2018-01-01 00:00:00
health_beauty,102495.9900000002,2018,3,2018-03-01 00:00:00
health_beauty,137643.7400000001,2018,8,2018-08-01 00:00:00
health_beauty,40337.95,2017,7,2017-07-01 00:00:00
health_beauty,143.46,2016,9,2016-09-01 00:00:00
health_beauty,109960.02000000009,2018,5,2018-05-01 00:00:00
health_beauty,5573.22,2016,10,2016-10-01 00:00:00
health_beauty,69417.69000000002,2017,12,2017-12-01 00:00:00
health_beauty,58949.469999999936,2017,9,2017-09-01 00:00:00
health_beauty,26536.769999999997,2017,4,2017-04-01 00:00:00
health_beauty,124024.06000000011,2018,7,2018-07-01 00:00:00
health_beauty,125217.54000000011,2018,6,2018-06-01 00:00:00
health_beauty,26067.570000000014,2017,2,2017-02-01 00:00:00
health_beauty,89564.51999999995,2017,11,2017-11-01 00:00:00
health_beauty,52769.83000000001,2017,5,2017-05-01 00:00:00
health_beauty,98210.46000000006,2018,2,2018-02-01 00:00:00
health_beauty,37043.57,2017,6,2017-06-01 00:00:00
health_beauty,14039.740000000003,2017,1,2017-01-01 00:00:00
health_beauty,104591.83000000005,2018,4,2018-04-01 00:00:00
health_beauty,134097.53888708353,2018,9,2018-09-01 00:00:00
health_beauty,139772.16761144996,2018,10,2018-10-01 00:00:00
health_beauty,145446.79633581638,2018,11,2018-11-01 00:00:00
health_beauty,151121.4250601828,2018,12,2018-12-01 00:00:00
health_beauty,160004.23899418116,2019,1,2019-01-01 00:00:00
health_beauty,165678.86771854758,2019,2,2019-02-01 00:00:00
health_beauty,171353.496442914,2019,3,2019-03-01 00:00:00
health_beauty,177028.12516728044,2019,4,2019-04-01 00:00:00
health_beauty,182702.75389164686,2019,5,2019-05-01 00:00:00
health_beauty,188377.3826160133,2019,6,2019-06-01 00:00:00
health_beauty,194052.01134037971,2019,7,2019-07-01 00:00:00
health_beauty,199726.64006474614,2019,8,2019-08-01 00:00:00
health_beauty,205401.26878908277,2019,9,2019-09-01 00:00:00
health_beauty,211075.8975134492,2019,10,2019-10-01 00:00:00
health_beauty,216750.52623781562,2019,11,2019-11-01 00:00:00
health_beauty,222425.15496218204,2019,12,2019-12-01 00:00:00
health_beauty,231307.9688962102,2020,1,2020-01-01 00:00:00
health_beauty,236982.59762057662,2020,2,2020-02-01 00:00:00
health_beauty,242657.22634494305,2020,3,2020-03-01 00:00:00
health_beauty,248331.85506930947,2020,4,2020-04-01 00:00:00
health_beauty,254006.4837936759,2020,5,2020-05-01 00:00:00
health_beauty,259681.11251804233,2020,6,2020-06-01 00:00:00
health_beauty,265355.74124240875,2020,7,2020-07-01 00:00:00
health_beauty,271030.3699667752,2020,8,2020-08-01 00:00:00
health_beauty,276704.9986911118,2020,9,2020-09-01 00:00:00
health_beauty,282379.62741547823,2020,10,2020-10-01 00:00:00
health_beauty,288054.25613984466,2020,11,2020-11-01 00:00:00
health_beauty,293728.8848642111,2020,12,2020-12-01 00:00:00
health_beauty,302611.69879823923,2021,1,2021-01-01 00:00:00
health_beauty,308286.32752260566,2021,2,2021-02-01 00:00:00
health_beauty,313960.9562469721,2021,3,2021-03-01 00:00:00
health_beauty,319635.5849713385,2021,4,2021-04-01 00:00:00
health_beauty,325310.21369570494,2021,5,2021-05-01 00:00:00
health_beauty,330984.84242007136,2021,6,2021-06-01 00:00:00
health_beauty,336659.4711444378,2021,7,2021-07-01 00:00:00
health_beauty,342334.0998688042,2021,8,2021-08-01 00:00:00
health_beauty,348008.72859314084,2021,9,2021-09-01 00:00:00
health_beauty,353683.35731750727,2021,10,2021-10-01 00:00:00
health_beauty,359357.9860418737,2021,11,2021-11-01 00:00:00
health_beauty,365032.6147662401,2021,12,2021-12-01 00:00:00
housewares,17136.43,2017,3,2017-03-01 00:00:00
housewares,28643.969999999994,2017,8,2017-08-01 00:00:00
housewares,20057.059999999998,2017,10,2017-10-01 00:00:00
housewares,45897.6,2018,1,2018-01-01 00:00:00
housewares,46373.63,2018,3,2018-03-01 00:00:00
housewares,74288.94000000005,2018,8,2018-08-01 00:00:00
housewares,25908.95,2017,7,2017-07-01 00:00:00
housewares,76353.84999999995,2018,5,2018-05-01 00:00:00
housewares,1542.54,2016,10,2016-10-01 00:00:00
housewares,32049.259999999995,2017,12,2017-12-01 00:00:00
housewares,24802.97999999999,2017,9,2017-09-01 00:00:00
housewares,18182.62000000001,2017,4,2017-04-01 00:00:00
housewares,77442.09,2018,7,2018-07-01 00:00:00
housewares,70471.46000000002,2018,6,2018-06-01 00:00:00
housewares,14494.81,2017,2,2017-02-01 00:00:00
housewares,43007.98000000004,2017,11,2017-11-01 00:00:00
housewares,27123.53,2017,5,2017-05-01 00:00:00
housewares,43557.08999999999,2018,2,2018-02-01 00:00:00
housewares,29902.43999999997,2017,6,2017-06-01 00:00:00
housewares,3269.76,2017,1,2017-01-01 00:00:00
housewares,55312.19000000005,2018,4,2018-04-01 00:00:00
housewares,73797.60712437332,2018,9,2018-09-01 00:00:00
housewares,76800.4872058034,2018,10,2018-10-01 00:00:00
housewares,79803.36728724837,2018,11,2018-11-01 00:00:00
housewares,82806.24736867845,2018,12,2018-12-01 00:00:00
housewares,91113.37820997834,2019,1,2019-01-01 00:00:00
housewares,94116.25829140842,2019,2,2019-02-01 00:00:00
housewares,97119.1383728385,2019,3,2019-03-01 00:00:00
housewares,100122.01845426857,2019,4,2019-04-01 00:00:00
housewares,103124.89853569865,2019,5,2019-05-01 00:00:00
housewares,106127.77861712873,2019,6,2019-06-01 00:00:00
housewares,109130.65869855881,2019,7,2019-07-01 00:00:00
housewares,112133.53877998888,2019,8,2019-08-01 00:00:00
housewares,115136.41886141896,2019,9,2019-09-01 00:00:00
housewares,118139.29894284904,2019,10,2019-10-01 00:00:00
housewares,121142.17902429402,2019,11,2019-11-01 00:00:00
housewares,124145.0591057241,2019,12,2019-12-01 00:00:00
housewares,132452.1899470389,2020,1,2020-01-01 00:00:00
housewares,135455.07002846897,2020,2,2020-02-01 00:00:00
housewares,138457.95010989904,2020,3,2020-03-01 00:00:00
housewares,141460.83019132912,2020,4,2020-04-01 00:00:00
housewares,144463.7102727592,2020,5,2020-05-01 00:00:00
housewares,147466.59035418928,2020,6,2020-06-01 00:00:00
housewares,150469.47043561935,2020,7,2020-07-01 00:00:00
housewares,153472.35051704943,2020,8,2020-08-01 00:00:00
housewares,156475.2305984795,2020,9,2020-09-01 00:00:00
housewares,159478.1106799096,2020,10,2020-10-01 00:00:00
housewares,162480.99076135457,2020,11,2020-11-01 00:00:00
housewares,165483.87084278464,2020,12,2020-12-01 00:00:00
housewares,173791.00168409944,2021,1,2021-01-01 00:00:00
housewares,176793.8817655295,2021,2,2021-02-01 00:00:00
housewares,179796.7618469596,2021,3,2021-03-01 00:00:00
housewares,182799.64192838967,2021,4,2021-04-01 00:00:00
housewares,185802.52200981975,2021,5,2021-05-01 00:00:00
housewares,188805.40209124982,2021,6,2021-06-01 00:00:00
housewares,191808.2821726799,2021,7,2021-07-01 00:00:00
housewares,194811.16225410998,2021,8,2021-08-01 00:00:00
housewares,197814.04233554006,2021,9,2021-09-01 00:00:00
housewares,200816.92241697013,2021,10,2021-10-01 00:00:00
housewares,203819.8024984151,2021,11,2021-11-01 00:00:00
housewares,206822.6825798452,2021,12,2021-12-01 00:00:00
sports_leisure,31476.430000000008,2017,3,2017-03-01 00:00:00
sports_leisure,49897.58999999999,2017,8,2017-08-01 00:00:00
sports_leisure,58628.63999999998,2017,10,2017-10-01 00:00:00
sports_leisure,104615.62999999996,2018,1,2018-01-01 00:00:00
sports_leisure,100083.65999999993,2018,3,2018-03-01 00:00:00
sports_leisure,60337.92000000004,2018,8,2018-08-01 00:00:00
sports_leisure,46193.56999999995,2017,7,2017-07-01 00:00:00
sports_leisure,68737.92999999998,2018,5,2018-05-01 00:00:00
sports_leisure,3927.1099999999997,2016,10,2016-10-01 00:00:00
sports_leisure,67241.20999999992,2017,12,2017-12-01 00:00:00
sports_leisure,59066.549999999974,2017,9,2017-09-01 00:00:00
sports_leisure,29493.09,2017,4,2017-04-01 00:00:00
sports_leisure,66483.32000000002,2018,7,2018-07-01 00:00:00
sports_leisure,55040.03000000004,2018,6,2018-06-01 00:00:00
sports_leisure,19230.640000000007,2017,2,2017-02-01 00:00:00
sports_leisure,75024.81999999992,2017,11,2017-11-01 00:00:00
sports_leisure,43056.91999999996,2017,5,2017-05-01 00:00:00
sports_leisure,87240.36999999985,2018,2,2018-02-01 00:00:00
sports_leisure,39035.719999999994,2017,6,2017-06-01 00:00:00
sports_leisure,11538.22,2017,1,2017-01-01 00:00:00
sports_leisure,79226.55,2018,4,2018-04-01 00:00:00
sports_leisure,89549.82010762393,2018,9,2018-09-01 00:00:00
sports_leisure,91982.05277818441,2018,10,2018-10-01 00:00:00
sports_leisure,94414.2854487598,2018,11,2018-11-01 00:00:00
sports_leisure,96846.51811932027,2018,12,2018-12-01 00:00:00
sports_leisure,110583.0429341495,2019,1,2019-01-01 00:00:00
sports_leisure,113015.27560470998,2019,2,2019-02-01 00:00:00
sports_leisure,115447.50827527046,2019,3,2019-03-01 00:00:00
sports_leisure,117879.74094583094,2019,4,2019-04-01 00:00:00
sports_leisure,120311.97361639142,2019,5,2019-05-01 00:00:00
sports_leisure,122744.2062869519,2019,6,2019-06-01 00:00:00
sports_leisure,125176.43895751238,2019,7,2019-07-01 00:00:00
sports_leisure,127608.67162807286,2019,8,2019-08-01 00:00:00
sports_leisure,130040.90429863334,2019,9,2019-09-01 00:00:00
sports_leisure,132473.13696919382,2019,10,2019-10-01 00:00:00
sports_leisure,134905.3696397692,2019,11,2019-11-01 00:00:00
sports_leisure,137337.60231032968,2019,12,2019-12-01 00:00:00
sports_leisure,151074.127125144,2020,1,2020-01-01 00:00:00
sports_leisure,153506.35979570448,2020,2,2020-02-01 00:00:00
sports_leisure,155938.59246626496,2020,3,2020-03-01 00:00:00
sports_leisure,158370.82513682544,2020,4,2020-04-01 00:00:00
sports_leisure,160803.05780738592,2020,5,2020-05-01 00:00:00
sports_leisure,163235.2904779464,2020,6,2020-06-01 00:00:00
sports_leisure,165667.52314850688,2020,7,2020-07-01 00:00:00
sports_leisure,168099.75581906736,2020,8,2020-08-01 00:00:00
sports_leisure,170531.98848962784,2020,9,2020-09-01 00:00:00
sports_leisure,172964.22116018832,2020,10,2020-10-01 00:00:00
sports_leisure,175396.4538307637,2020,11,2020-11-01 00:00:00
sports_leisure,177828.68650132418,2020,12,2020-12-01 00:00:00
sports_leisure,191565.2113161385,2021,1,2021-01-01 00:00:00
sports_leisure,193997.44398669899,2021,2,2021-02-01 00:00:00
sports_leisure,196429.67665725946,2021,3,2021-03-01 00:00:00
sports_leisure,198861.90932781994,2021,4,2021-04-01 00:00:00
sports_leisure,201294.14199838042,2021,5,2021-05-01 00:00:00
sports_leisure,203726.3746689409,2021,6,2021-06-01 00:00:00
sports_leisure,206158.60733950138,2021,7,2021-07-01 00:00:00
sports_leisure,208590.84001006186,2021,8,2021-08-01 00:00:00
sports_leisure,211023.07268062234,2021,9,2021-09-01 00:00:00
sports_leisure,213455.30535118282,2021,10,2021-10-01 00:00:00
sports_leisure,215887.5380217582,2021,11,2021-11-01 00:00:00
sports_leisure,218319.77069231868,2021,12,2021-12-01 00:00:00
telephony,10743.220000000007,2017,3,2017-03-01 00:00:00
telephony,13224.63000000001,2017,8,2017-08-01 00:00:00
telephony,26865.82000000001,2017,10,2017-10-01 00:00:00
telephony,20317.570000000025,2018,1,2018-01-01 00:00:00
telephony,31218.179999999986,2018,3,2018-03-01 00:00:00
telephony,42440.270000000004,2018,8,2018-08-01 00:00:00
telephony,11129.560000000005,2017,7,2017-07-01 00:00:00
telephony,75.06,2016,9,2016-09-01 00:00:00
telephony,25333.780000000017,2018,5,2018-05-01 00:00:00
telephony,633.9799999999999,2016,10,2016-10-01 00:00:00
telephony,17405.680000000037,2017,12,2017-12-01 00:00:00
telephony,21547.960000000003,2017,9,2017-09-01 00:00:00
telephony,9597.110000000008,2017,4,2017-04-01 00:00:00
telephony,30985.830000000005,2018,7,2018-07-01 00:00:00
telephony,26862.82000000003,2018,6,2018-06-01 00:00:00
telephony,8645.600000000002,2017,2,2017-02-01 00:00:00
telephony,32373.990000000005,2017,11,2017-11-01 00:00:00
telephony,12809.66000000002,2017,5,2017-05-01 00:00:00
telephony,19011.32000000003,2018,2,2018-02-01 00:00:00
telephony,9258.350000000008,2017,6,2017-06-01 00:00:00
telephony,3412.4199999999996,2017,1,2017-01-01 00:00:00
telephony,20971.340000000004,2018,4,2018-04-01 00:00:00
telephony,36658.07832534611,2018,9,2018-09-01 00:00:00
telephony,38656.57209453732,2018,10,2018-10-01 00:00:00
telephony,40655.06586372852,2018,11,2018-11-01 00:00:00
telephony,42653.55963291973,2018,12,2018-12-01 00:00:00
telephony,38277.0955568403,2019,1,2019-01-01 00:00:00
telephony,40275.589326031506,2019,2,2019-02-01 00:00:00
telephony,42274.08309522271,2019,3,2019-03-01 00:00:00
telephony,44272.57686441392,2019,4,2019-04-01 00:00:00
telephony,46271.07063360512,2019,5,2019-05-01 00:00:00
telephony,48269.56440279633,2019,6,2019-06-01 00:00:00
telephony,50268.05817198753,2019,7,2019-07-01 00:00:00
telephony,52266.55194117129,2019,8,2019-08-01 00:00:00
telephony,54265.045710362494,2019,9,2019-09-01 00:00:00
telephony,56263.5394795537,2019,10,2019-10-01 00:00:00
telephony,58262.033248744905,2019,11,2019-11-01 00:00:00
telephony,60260.52701793611,2019,12,2019-12-01 00:00:00
telephony,55884.06294186413,2020,1,2020-01-01 00:00:00
telephony,57882.55671105534,2020,2,2020-02-01 00:00:00
telephony,59881.050480246544,2020,3,2020-03-01 00:00:00
telephony,61879.54424943775,2020,4,2020-04-01 00:00:00
telephony,63878.038018628955,2020,5,2020-05-01 00:00:00
telephony,65876.53178782016,2020,6,2020-06-01 00:00:00
telephony,67875.02555701137,2020,7,2020-07-01 00:00:00
telephony,69873.51932619512,2020,8,2020-08-01 00:00:00
telephony,71872.01309538633,2020,9,2020-09-01 00:00:00
telephony,73870.50686457753,2020,10,2020-10-01 00:00:00
telephony,75869.00063376874,2020,11,2020-11-01 00:00:00
telephony,77867.49440295994,2020,12,2020-12-01 00:00:00
telephony,73491.03032688051,2021,1,2021-01-01 00:00:00
telephony,75489.52409607172,2021,2,2021-02-01 00:00:00
telephony,77488.01786526293,2021,3,2021-03-01 00:00:00
telephony,79486.51163445413,2021,4,2021-04-01 00:00:00
telephony,81485.00540364534,2021,5,2021-05-01 00:00:00
telephony,83483.49917283654,2021,6,2021-06-01 00:00:00
telephony,85481.99294202775,2021,7,2021-07-01 00:00:00
telephony,87480.4867112115,2021,8,2021-08-01 00:00:00
telephony,89478.98048040271,2021,9,2021-09-01 00:00:00
telephony,91477.47424959391,2021,10,2021-10-01 00:00:00
telephony,93475.96801878512,2021,11,2021-11-01 00:00:00
telephony,95474.46178797632,2021,12,2021-12-01 00:00:00
watches_gifts,28116.120000000003,2017,3,2017-03-01 00:00:00
watches_gifts,39807.26999999997,2017,8,2017-08-01 00:00:00
watches_gifts,70828.91999999993,2017,10,2017-10-01 00:00:00
watches_gifts,81795.86999999994,2018,1,2018-01-01 00:00:00
watches_gifts,106041.49999999996,2018,3,2018-03-01 00:00:00
watches_gifts,79300.94999999998,2018,8,2018-08-01 00:00:00
watches_gifts,40004.74,2017,7,2017-07-01 00:00:00
watches_gifts,132204.75999999983,2018,5,2018-05-01 00:00:00
watches_gifts,3468.04,2016,10,2016-10-01 00:00:00
watches_gifts,77223.92999999995,2017,12,2017-12-01 00:00:00
watches_gifts,52092.96999999993,2017,9,2017-09-01 00:00:00
watches_gifts,25173.31,2017,4,2017-04-01 00:00:00
watches_gifts,106006.34000000003,2018,7,2018-07-01 00:00:00
watches_gifts,95904.99999999985,2018,6,2018-06-01 00:00:00
watches_gifts,12358.669999999998,2017,2,2017-02-01 00:00:00
watches_gifts,106499.11,2017,11,2017-11-01 00:00:00
watches_gifts,39779.83999999999,2017,5,2017-05-01 00:00:00
watches_gifts,69586.39999999995,2018,2,2018-02-01 00:00:00
watches_gifts,30940.439999999988,2017,6,2017-06-01 00:00:00
watches_gifts,8310.83,2017,1,2017-01-01 00:00:00
watches_gifts,101814.43999999996,2018,4,2018-04-01 00:00:00
watches_gifts,123338.70609280467,2018,9,2018-09-01 00:00:00
watches_gifts,129332.96360179782,2018,10,2018-10-01 00:00:00
watches_gifts,135327.22111077607,2018,11,2018-11-01 00:00:00
watches_gifts,141321.47861976922,2018,12,2018-12-01 00:00:00
watches_gifts,139186.54886841774,2019,1,2019-01-01 00:00:00
watches_gifts,145180.8063774109,2019,2,2019-02-01 00:00:00
watches_gifts,151175.06388638914,2019,3,2019-03-01 00:00:00
watches_gifts,157169.32139538229,2019,4,2019-04-01 00:00:00
watches_gifts,163163.57890436053,2019,5,2019-05-01 00:00:00
watches_gifts,169157.83641333878,2019,6,2019-06-01 00:00:00
watches_gifts,175152.09392233193,2019,7,2019-07-01 00:00:00
watches_gifts,181146.35143131018,2019,8,2019-08-01 00:00:00
watches_gifts,187140.60894028842,2019,9,2019-09-01 00:00:00
watches_gifts,193134.86644928157,2019,10,2019-10-01 00:00:00
watches_gifts,199129.12395825982,2019,11,2019-11-01 00:00:00
watches_gifts,205123.38146725297,2019,12,2019-12-01 00:00:00
watches_gifts,202988.4517159015,2020,1,2020-01-01 00:00:00
watches_gifts,208982.70922489464,2020,2,2020-02-01 00:00:00
watches_gifts,214976.9667338729,2020,3,2020-03-01 00:00:00
watches_gifts,220971.22424286604,2020,4,2020-04-01 00:00:00
watches_gifts,226965.4817518443,2020,5,2020-05-01 00:00:00
watches_gifts,232959.73926082253,2020,6,2020-06-01 00:00:00
watches_gifts,238953.99676981568,2020,7,2020-07-01 00:00:00
watches_gifts,244948.25427879393,2020,8,2020-08-01 00:00:00
watches_gifts,250942.51178777218,2020,9,2020-09-01 00:00:00
watches_gifts,256936.76929676533,2020,10,2020-10-01 00:00:00
watches_gifts,262931.0268057436,2020,11,2020-11-01 00:00:00
watches_gifts,268925.2843147367,2020,12,2020-12-01 00:00:00
watches_gifts,266790.35456337035,2021,1,2021-01-01 00:00:00
watches_gifts,272784.6120723635,2021,2,2021-02-01 00:00:00
watches_gifts,278778.86958134174,2021,3,2021-03-01 00:00:00
watches_gifts,284773.1270903349,2021,4,2021-04-01 00:00:00
watches_gifts,290767.38459931314,2021,5,2021-05-01 00:00:00
watches_gifts,296761.6421082914,2021,6,2021-06-01 00:00:00
watches_gifts,302755.89961728454,2021,7,2021-07-01 00:00:00
watches_gifts,308750.1571262628,2021,8,2021-08-01 00:00:00
watches_gifts,314744.41463524103,2021,9,2021-09-01 00:00:00
watches_gifts,320738.6721442342,2021,10,2021-10-01 00:00:00
watches_gifts,326732.9296532124,2021,11,2021-11-01 00:00:00
watches_gifts,332727.1871622056,2021,12,2021-12-01 00:00:00
